Modelo,Test Score,Train Score,R2,MAE,MSE,RMSE
Ridge GridSearchCV,0.9644460549443578,0.9634760403765573,0.9644460549443578,0.015316833700057715,0.0006252194334419919,0.02500438828369916
Árbol de decisión GridSearchCV,0.9494006143708231,0.9651666321780211,0.9494006143708231,0.019557782944755613,0.0008897949064745606,0.029829430207004636
Random Forest GridSearchCV,0.9681629090494718,0.9874414343997879,0.9681629090494718,0.014560513113437784,0.0005598582080097912,0.023661323040138547
