Modelo,Test Score,Train Score,R2,MAE,MSE,RMSE
Random Forest GridSearchCV,0.9764680861697641,0.9910897654636841,0.9764680861697641,0.013738625147451597,0.0004233763077203029,0.020576110121213458
Árbol de decisión GridSearchCV,0.9647598135250077,0.9759845284988179,0.9647598135250077,0.017239564918406124,0.0006340266304216552,0.025179885433052614
Ridge GridSearchCV,0.9734527232437589,0.9731876451427486,0.9734527232437589,0.014588636577925196,0.0004776274507109948,0.02185468944439602
