Modelo,Accuracy,ROC AUC,Precision (No llueve),Recall (No llueve),F1-score (No llueve),Precision (Llueve),Recall (Llueve),F1-score (Llueve),F1 Macro,F1 Weighted
Regresión Logística,0.7124288339307768,0.7872611852616068,0.7124352331606217,0.7124137723288249,0.7124245025831036,0.712422435086451,0.7124438955327289,0.712433165147978,0.7124288338655409,0.7124288338655409
Árbol de Decisión,0.8500768141699551,0.9079141333322438,0.8284115635685422,0.8830617224447992,0.8548641082468215,0.874802463959751,0.817091905895111,0.8449629306585259,0.8499135194526737,0.8499135194526737
Random Forest,0.8545501099496943,0.9242020387831209,0.8348887497866044,0.8839051721541104,0.8586980378385497,0.8766641065028162,0.8251950477452782,0.8501512917992087,0.8544246648188791,0.8544246648188792
Hist Gradient Boosting,0.8469590625658945,0.9226174976429571,0.8155789358321004,0.8966774106093924,0.8542076189109692,0.8852689322986352,0.7972407145223966,0.838952023203842,0.8465798210574056,0.8465798210574056
